{
  "run_dir": "results\\runs\\run_seq2seq_20260331_112551",
  "model": "seq2seq",
  "global": {
    "MAE": 0.335218608379364,
    "RMSE": 0.40533846616744995,
    "sMAPE(%)": 57.444210052490234,
    "MAPE(%)": 79.79236602783203
  },
  "by_horizon": {
    "t+1": {
      "MAE": 0.343403160572052,
      "RMSE": 0.42813390493392944,
      "sMAPE(%)": 53.315025329589844,
      "MAPE(%)": 59.002506256103516
    },
    "t+2": {
      "MAE": 0.37427452206611633,
      "RMSE": 0.4553747773170471,
      "sMAPE(%)": 65.25244140625,
      "MAPE(%)": 75.88199615478516
    },
    "t+3": {
      "MAE": 0.37749746441841125,
      "RMSE": 0.45803698897361755,
      "sMAPE(%)": 67.2745590209961,
      "MAPE(%)": 105.40116119384766
    },
    "t+4": {
      "MAE": 0.3683404326438904,
      "RMSE": 0.4509772062301636,
      "sMAPE(%)": 68.765625,
      "MAPE(%)": 103.40139770507812
    },
    "t+5": {
      "MAE": 0.3494412302970886,
      "RMSE": 0.4290442168712616,
      "sMAPE(%)": 64.13795471191406,
      "MAPE(%)": 94.95726013183594
    },
    "t+6": {
      "MAE": 0.3393020033836365,
      "RMSE": 0.4058106243610382,
      "sMAPE(%)": 60.79167556762695,
      "MAPE(%)": 87.13176727294922
    },
    "t+7": {
      "MAE": 0.32300764322280884,
      "RMSE": 0.38367366790771484,
      "sMAPE(%)": 56.62734603881836,
      "MAPE(%)": 80.15277099609375
    },
    "t+8": {
      "MAE": 0.3174022138118744,
      "RMSE": 0.3736206889152527,
      "sMAPE(%)": 53.71240234375,
      "MAPE(%)": 74.81558227539062
    },
    "t+9": {
      "MAE": 0.31191563606262207,
      "RMSE": 0.36547625064849854,
      "sMAPE(%)": 50.88898468017578,
      "MAPE(%)": 72.38186645507812
    },
    "t+10": {
      "MAE": 0.3053053915500641,
      "RMSE": 0.3615756034851074,
      "sMAPE(%)": 49.41695785522461,
      "MAPE(%)": 68.53491973876953
    },
    "t+11": {
      "MAE": 0.3044397830963135,
      "RMSE": 0.3611261248588562,
      "sMAPE(%)": 47.92600631713867,
      "MAPE(%)": 63.8641471862793
    },
    "t+12": {
      "MAE": 0.3082936108112335,
      "RMSE": 0.3707657754421234,
      "sMAPE(%)": 51.22154998779297,
      "MAPE(%)": 71.98294067382812
    }
  },
  "baseline_persistence": {
    "MAE": 1.0987859964370728,
    "RMSE": 1.353776216506958,
    "sMAPE(%)": 132.42050170898438,
    "MAPE(%)": 264.3248291015625
  },
  "baseline_seasonal_naive": {
    "MAE": 0.2653834819793701,
    "RMSE": 0.3424036502838135,
    "sMAPE(%)": 46.49009323120117,
    "MAPE(%)": 65.48511505126953
  }
}