{
  "run_dir": "results\\runs\\run_patchtst_20260331_112129",
  "model": "patchtst",
  "global": {
    "MAE": 0.9399538636207581,
    "RMSE": 1.1517335176467896,
    "sMAPE(%)": 134.2205352783203,
    "MAPE(%)": 638.5316772460938
  },
  "by_horizon": {
    "t+1": {
      "MAE": 1.3301430940628052,
      "RMSE": 1.5808935165405273,
      "sMAPE(%)": 120.2337646484375,
      "MAPE(%)": 1780.770263671875
    },
    "t+2": {
      "MAE": 0.9109297394752502,
      "RMSE": 1.099184513092041,
      "sMAPE(%)": 140.4796905517578,
      "MAPE(%)": 749.572021484375
    },
    "t+3": {
      "MAE": 0.7716618776321411,
      "RMSE": 0.9660543203353882,
      "sMAPE(%)": 125.25836181640625,
      "MAPE(%)": 338.3716125488281
    },
    "t+4": {
      "MAE": 0.8837388157844543,
      "RMSE": 1.064112663269043,
      "sMAPE(%)": 152.6177978515625,
      "MAPE(%)": 140.88377380371094
    },
    "t+5": {
      "MAE": 0.8279359936714172,
      "RMSE": 1.0167814493179321,
      "sMAPE(%)": 115.4490966796875,
      "MAPE(%)": 773.3198852539062
    },
    "t+6": {
      "MAE": 1.1246782541275024,
      "RMSE": 1.3251152038574219,
      "sMAPE(%)": 167.55084228515625,
      "MAPE(%)": 334.206298828125
    },
    "t+7": {
      "MAE": 0.869361400604248,
      "RMSE": 1.043971061706543,
      "sMAPE(%)": 126.63256072998047,
      "MAPE(%)": 709.3597412109375
    },
    "t+8": {
      "MAE": 0.8972010016441345,
      "RMSE": 1.0920610427856445,
      "sMAPE(%)": 140.379150390625,
      "MAPE(%)": 445.7673034667969
    },
    "t+9": {
      "MAE": 0.8843222856521606,
      "RMSE": 1.082961082458496,
      "sMAPE(%)": 142.6221160888672,
      "MAPE(%)": 326.07720947265625
    },
    "t+10": {
      "MAE": 0.917595624923706,
      "RMSE": 1.1200512647628784,
      "sMAPE(%)": 146.78472900390625,
      "MAPE(%)": 399.62445068359375
    },
    "t+11": {
      "MAE": 0.9356922507286072,
      "RMSE": 1.175838589668274,
      "sMAPE(%)": 114.144775390625,
      "MAPE(%)": 639.72412109375
    },
    "t+12": {
      "MAE": 0.9261857271194458,
      "RMSE": 1.1236947774887085,
      "sMAPE(%)": 118.49360656738281,
      "MAPE(%)": 1024.703857421875
    }
  },
  "baseline_persistence": {
    "MAE": 1.1114658117294312,
    "RMSE": 1.3675494194030762,
    "sMAPE(%)": 128.9269256591797,
    "MAPE(%)": 1490.0274658203125
  },
  "baseline_seasonal_naive": {
    "MAE": 0.2737308740615845,
    "RMSE": 0.337304025888443,
    "sMAPE(%)": 50.95566940307617,
    "MAPE(%)": 687.1707153320312
  }
}