epoch,train_loss,val_loss,lr
1,1.2434240887381813,0.4807835519313812,0.001
2,0.757565029967915,0.558131992816925,0.001
