{
  "run_dir": "results\\runs\\run_cnn_20260331_112403",
  "model": "cnn",
  "global": {
    "MAE": 0.6760181188583374,
    "RMSE": 0.8149996399879456,
    "sMAPE(%)": 97.8644027709961,
    "MAPE(%)": 171.8541717529297
  },
  "by_horizon": {
    "t+1": {
      "MAE": 0.6740922927856445,
      "RMSE": 0.7421901822090149,
      "sMAPE(%)": 102.6245346069336,
      "MAPE(%)": 180.8432159423828
    },
    "t+2": {
      "MAE": 0.6581708192825317,
      "RMSE": 0.741129994392395,
      "sMAPE(%)": 104.50505065917969,
      "MAPE(%)": 164.27651977539062
    },
    "t+3": {
      "MAE": 0.5294809341430664,
      "RMSE": 0.6666444540023804,
      "sMAPE(%)": 85.04584503173828,
      "MAPE(%)": 134.09954833984375
    },
    "t+4": {
      "MAE": 0.445724219083786,
      "RMSE": 0.535607635974884,
      "sMAPE(%)": 87.210205078125,
      "MAPE(%)": 151.40296936035156
    },
    "t+5": {
      "MAE": 0.3823576867580414,
      "RMSE": 0.46520641446113586,
      "sMAPE(%)": 75.4278793334961,
      "MAPE(%)": 134.9149932861328
    },
    "t+6": {
      "MAE": 0.5082342624664307,
      "RMSE": 0.6149343252182007,
      "sMAPE(%)": 85.1467056274414,
      "MAPE(%)": 131.94105529785156
    },
    "t+7": {
      "MAE": 0.67621910572052,
      "RMSE": 0.8336154818534851,
      "sMAPE(%)": 95.76880645751953,
      "MAPE(%)": 134.99240112304688
    },
    "t+8": {
      "MAE": 0.8321836590766907,
      "RMSE": 1.0351133346557617,
      "sMAPE(%)": 98.1143569946289,
      "MAPE(%)": 158.2815704345703
    },
    "t+9": {
      "MAE": 0.946506679058075,
      "RMSE": 1.1065146923065186,
      "sMAPE(%)": 110.28277587890625,
      "MAPE(%)": 208.2709503173828
    },
    "t+10": {
      "MAE": 0.9992229342460632,
      "RMSE": 1.0665819644927979,
      "sMAPE(%)": 129.11117553710938,
      "MAPE(%)": 252.4818115234375
    },
    "t+11": {
      "MAE": 0.8167209029197693,
      "RMSE": 0.9032133221626282,
      "sMAPE(%)": 112.49951171875,
      "MAPE(%)": 216.61041259765625
    },
    "t+12": {
      "MAE": 0.6433039903640747,
      "RMSE": 0.7749719023704529,
      "sMAPE(%)": 88.63597869873047,
      "MAPE(%)": 194.1346893310547
    }
  },
  "baseline_persistence": {
    "MAE": 1.0987859964370728,
    "RMSE": 1.353776216506958,
    "sMAPE(%)": 132.42050170898438,
    "MAPE(%)": 264.3248291015625
  },
  "baseline_seasonal_naive": {
    "MAE": 0.2653834819793701,
    "RMSE": 0.3424036502838135,
    "sMAPE(%)": 46.49009323120117,
    "MAPE(%)": 65.48511505126953
  }
}