{
  "run_dir": "results\\runs\\run_tcn_20260331_112451",
  "model": "tcn",
  "global": {
    "MAE": 0.3654215931892395,
    "RMSE": 0.4264228045940399,
    "sMAPE(%)": 56.168949127197266,
    "MAPE(%)": 96.01454162597656
  },
  "by_horizon": {
    "t+1": {
      "MAE": 0.31431782245635986,
      "RMSE": 0.375023752450943,
      "sMAPE(%)": 46.464271545410156,
      "MAPE(%)": 56.88189697265625
    },
    "t+2": {
      "MAE": 0.3319501280784607,
      "RMSE": 0.39186862111091614,
      "sMAPE(%)": 48.44318771362305,
      "MAPE(%)": 62.6325798034668
    },
    "t+3": {
      "MAE": 0.2967764735221863,
      "RMSE": 0.3481915593147278,
      "sMAPE(%)": 48.19939041137695,
      "MAPE(%)": 82.25672149658203
    },
    "t+4": {
      "MAE": 0.29560744762420654,
      "RMSE": 0.34926676750183105,
      "sMAPE(%)": 46.987579345703125,
      "MAPE(%)": 87.93693542480469
    },
    "t+5": {
      "MAE": 0.2849764823913574,
      "RMSE": 0.33313360810279846,
      "sMAPE(%)": 47.09693145751953,
      "MAPE(%)": 80.7060317993164
    },
    "t+6": {
      "MAE": 0.3284362554550171,
      "RMSE": 0.39262232184410095,
      "sMAPE(%)": 47.0318603515625,
      "MAPE(%)": 88.31101989746094
    },
    "t+7": {
      "MAE": 0.3632398843765259,
      "RMSE": 0.42467427253723145,
      "sMAPE(%)": 57.56195068359375,
      "MAPE(%)": 103.39097595214844
    },
    "t+8": {
      "MAE": 0.4253811836242676,
      "RMSE": 0.483867347240448,
      "sMAPE(%)": 63.888580322265625,
      "MAPE(%)": 116.3625717163086
    },
    "t+9": {
      "MAE": 0.49745574593544006,
      "RMSE": 0.5487021803855896,
      "sMAPE(%)": 75.6883544921875,
      "MAPE(%)": 140.05821228027344
    },
    "t+10": {
      "MAE": 0.46462544798851013,
      "RMSE": 0.515079915523529,
      "sMAPE(%)": 70.72369384765625,
      "MAPE(%)": 128.7896270751953
    },
    "t+11": {
      "MAE": 0.40874171257019043,
      "RMSE": 0.46410229802131653,
      "sMAPE(%)": 62.88406753540039,
      "MAPE(%)": 107.0267333984375
    },
    "t+12": {
      "MAE": 0.3735504448413849,
      "RMSE": 0.42805370688438416,
      "sMAPE(%)": 59.05754470825195,
      "MAPE(%)": 97.82108306884766
    }
  },
  "baseline_persistence": {
    "MAE": 1.0987859964370728,
    "RMSE": 1.353776216506958,
    "sMAPE(%)": 132.42050170898438,
    "MAPE(%)": 264.3248291015625
  },
  "baseline_seasonal_naive": {
    "MAE": 0.2653834819793701,
    "RMSE": 0.3424036502838135,
    "sMAPE(%)": 46.49009323120117,
    "MAPE(%)": 65.48511505126953
  }
}