{
  "run_dir": "results\\runs\\run_patchtst_20260331_112216",
  "model": "patchtst",
  "global": {
    "MAE": 0.35393813252449036,
    "RMSE": 0.4266720414161682,
    "sMAPE(%)": 60.40219497680664,
    "MAPE(%)": 100.43567657470703
  },
  "by_horizon": {
    "t+1": {
      "MAE": 0.3556537926197052,
      "RMSE": 0.4218651056289673,
      "sMAPE(%)": 60.96944808959961,
      "MAPE(%)": 81.06936645507812
    },
    "t+2": {
      "MAE": 0.34389570355415344,
      "RMSE": 0.41790929436683655,
      "sMAPE(%)": 55.66007614135742,
      "MAPE(%)": 79.99754333496094
    },
    "t+3": {
      "MAE": 0.3303273022174835,
      "RMSE": 0.4025595188140869,
      "sMAPE(%)": 59.18149948120117,
      "MAPE(%)": 101.49118041992188
    },
    "t+4": {
      "MAE": 0.3188938498497009,
      "RMSE": 0.3843059539794922,
      "sMAPE(%)": 58.60398864746094,
      "MAPE(%)": 99.46418762207031
    },
    "t+5": {
      "MAE": 0.32716110348701477,
      "RMSE": 0.39577412605285645,
      "sMAPE(%)": 58.239585876464844,
      "MAPE(%)": 106.52376556396484
    },
    "t+6": {
      "MAE": 0.3854931890964508,
      "RMSE": 0.4558926224708557,
      "sMAPE(%)": 60.413734436035156,
      "MAPE(%)": 117.19178771972656
    },
    "t+7": {
      "MAE": 0.3507436215877533,
      "RMSE": 0.42277178168296814,
      "sMAPE(%)": 62.181007385253906,
      "MAPE(%)": 102.82404327392578
    },
    "t+8": {
      "MAE": 0.35755518078804016,
      "RMSE": 0.4286985397338867,
      "sMAPE(%)": 60.80203628540039,
      "MAPE(%)": 102.24908447265625
    },
    "t+9": {
      "MAE": 0.38512343168258667,
      "RMSE": 0.4569469094276428,
      "sMAPE(%)": 65.87763977050781,
      "MAPE(%)": 103.04891967773438
    },
    "t+10": {
      "MAE": 0.35349148511886597,
      "RMSE": 0.4306458532810211,
      "sMAPE(%)": 62.79663848876953,
      "MAPE(%)": 101.31060791015625
    },
    "t+11": {
      "MAE": 0.368172824382782,
      "RMSE": 0.44853314757347107,
      "sMAPE(%)": 61.89836120605469,
      "MAPE(%)": 98.8624267578125
    },
    "t+12": {
      "MAE": 0.37074604630470276,
      "RMSE": 0.4469819962978363,
      "sMAPE(%)": 58.20234298706055,
      "MAPE(%)": 111.19520568847656
    }
  },
  "baseline_persistence": {
    "MAE": 1.0987859964370728,
    "RMSE": 1.353776216506958,
    "sMAPE(%)": 132.42050170898438,
    "MAPE(%)": 264.3248291015625
  },
  "baseline_seasonal_naive": {
    "MAE": 0.2653834819793701,
    "RMSE": 0.3424036502838135,
    "sMAPE(%)": 46.49009323120117,
    "MAPE(%)": 65.48511505126953
  }
}